timestamp,open,high,low,close,volume
1750982400,0.14289,0.14804,0.14154,0.14604,0
1751068800,0.14607,0.14884,0.14521,0.14783,0
1751155200,0.14782,0.15413,0.14667,0.15273,0
1751241600,0.15275,0.15355,0.14738,0.15008,0
1751328000,0.15009,0.15168,0.1429,0.14478,0
1751414400,0.14476,0.15932,0.1431,0.1554,0
1751500800,0.1554,0.16289,0.15489,0.15906,0
1751587200,0.15911,0.16281,0.15181,0.15307,0
1751673600,0.15309,0.15678,0.1526,0.15426,0
1751760000,0.15428,0.16161,0.15225,0.15933,0
1751846400,0.15933,0.16131,0.15617,0.15844,0
1751932800,0.15845,0.16224,0.1551,0.16083,0
1752019200,0.16079,0.17361,0.15988,0.17099,0
1752105600,0.171,0.1911,0.17027,0.1899,0
1752192000,0.18994,0.20942,0.18809,0.19373,0
1752278400,0.19377,0.20668,0.19008,0.1974,0
1752364800,0.19739,0.25191,0.19641,0.24153,0
1752451200,0.24155,0.26,0.2334,0.23692,0
1752537600,0.23696,0.24166,0.22309,0.23312,0
1752624000,0.23311,0.24469,0.22871,0.23633,0
1752710400,0.23632,0.28542,0.22865,0.27663,0
1752796800,0.27672,0.29927,0.25319,0.25967,0
1752883200,0.25955,0.27258,0.25642,0.26666,0
1752969600,0.26672,0.28375,0.26416,0.271,0
1753056000,0.27105,0.28865,0.26374,0.27135,0
1753142400,0.27131,0.27569,0.25929,0.2755,0
1753228800,0.27552,0.27554,0.23846,0.24528,0
1753315200,0.24528,0.25038,0.23081,0.23919,0
1753401600,0.23923,0.26453,0.23319,0.25861,0
1753488000,0.25862,0.29129,0.25588,0.27989,0
1753574400,0.27989,0.3052,0.27638,0.29174,0
1753660800,0.29176,0.2925,0.2649,0.27164,0
1753747200,0.27164,0.2795,0.25702,0.26381,0
1753833600,0.26382,0.26495,0.24571,0.25579,0
1753920000,0.25581,0.27904,0.24985,0.25097,0
1754006400,0.25093,0.25623,0.23682,0.2411,0
1754092800,0.24104,0.24485,0.22539,0.23009,0
1754179200,0.2301,0.25119,0.22679,0.2487,0
1754265600,0.24872,0.25647,0.24545,0.25082,0
1754352000,0.25084,0.25267,0.23519,0.2393,0
1754438400,0.23931,0.24987,0.23321,0.24468,0
1754524800,0.24472,0.26093,0.24158,0.25991,0
1754611200,0.25996,0.26845,0.25488,0.26181,0
1754697600,0.26181,0.26976,0.2605,0.26617,0
1754784000,0.26614,0.2719,0.25462,0.25939,0
1754870400,0.25938,0.27,0.24345,0.24669,0
1754956800,0.24673,0.26413,0.24479,0.26087,0
1755043200,0.26085,0.26821,0.25581,0.26629,0
1755129600,0.26627,0.27634,0.24406,0.24884,0
1755216000,0.24885,0.2587,0.24062,0.24775,0
1755302400,0.24774,0.25524,0.24735,0.25253,0
1755388800,0.25253,0.26058,0.25056,0.25247,0
1755475200,0.25244,0.25304,0.23859,0.24517,0
1755561600,0.24517,0.24762,0.23049,0.23158,0
1755648000,0.23158,0.24291,0.22919,0.2417,0
1755734400,0.2417,0.24332,0.23231,0.23559,0
1755820800,0.23558,0.2589,0.22801,0.25686,0
1755907200,0.25684,0.25705,0.24683,0.25331,0
1755993600,0.25332,0.26066,0.24304,0.24818,0
1756080000,0.2482,0.25088,0.22686,0.23088,0
1756166400,0.2309,0.2451,0.22975,0.24182,0
1756252800,0.24184,0.24367,0.23713,0.23757,0
1756339200,0.23761,0.24198,0.23535,0.23917,0
1756425600,0.23921,0.2404,0.22348,0.22798,0
1756512000,0.228,0.22946,0.22035,0.22577,0
1756598400,0.22579,0.22873,0.21808,0.21897,0
1756684800,0.21896,0.22367,0.21056,0.21469,0
1756771200,0.21467,0.22078,0.21142,0.22066,0
1756857600,0.22063,0.22358,0.2177,0.21945,0
1756944000,0.21944,0.22025,0.21097,0.21349,0
1757030400,0.21352,0.22421,0.21243,0.21836,0
1757116800,0.21837,0.21977,0.21373,0.2147,0
1757203200,0.21472,0.22181,0.21454,0.21951,0
1757289600,0.21952,0.22786,0.21801,0.22643,0
1757376000,0.22642,0.23499,0.22401,0.22821,0
1757462400,0.22822,0.23685,0.22677,0.23432,0
1757548800,0.23434,0.24152,0.23209,0.23986,0
1757635200,0.23989,0.24596,0.23791,0.24569,0
1757721600,0.2457,0.25489,0.244,0.24828,0
1757808000,0.2483,0.24857,0.2371,0.24091,0
1757894400,0.24089,0.24338,0.23014,0.23707,0
1757980800,0.23707,0.24006,0.2317,0.23815,0
1758067200,0.23814,0.24568,0.23273,0.24305,0
1758153600,0.24306,0.25235,0.2417,0.24624,0
1758240000,0.24628,0.25022,0.23613,0.23899,0
1758326400,0.23896,0.24704,0.23804,0.24203,0
1758412800,0.24202,0.24311,0.23361,0.23427,0
1758499200,0.23423,0.23501,0.21067,0.22242,0
1758585600,0.22241,0.22539,0.21835,0.21907,0
1758672000,0.21906,0.22636,0.21644,0.22127,0
1758758400,0.22123,0.22202,0.2055,0.20754,0
1758844800,0.20757,0.21655,0.20514,0.21453,0
1758931200,0.21452,0.21534,0.21144,0.21279,0
1759017600,0.2128,0.21705,0.20754,0.21613,0
1759104000,0.21613,0.22022,0.21198,0.21692,0
1759190400,0.2169,0.21799,0.20908,0.21499,0
1759276800,0.21502,0.22454,0.21028,0.22445,0
1759363200,0.22445,0.23036,0.22155,0.22757,0
1759449600,0.22759,0.23,0.22038,0.22557,0
1759536000,0.22558,0.22642,0.21504,0.21715,0
1759622400,0.2172,0.22676,0.21438,0.21642,0
1759708800,0.21646,0.23371,0.21524,0.23022,0
1759795200,0.23021,0.23114,0.21634,0.21831,0
1759881600,0.2183,0.22235,0.21538,0.21974,0
1759968000,0.21976,0.22008,0.20887,0.21307,0
1760054400,0.21307,0.21695,0.1,0.17768,0
1760140800,0.17739,0.17968,0.16102,0.16827,0
1760227200,0.1682,0.18849,0.16481,0.18541,0
1760313600,0.18542,0.19572,0.18269,0.19446,0
1760400000,0.19448,0.19528,0.176,0.19031,0
1760486400,0.19026,0.19179,0.1775,0.179,0
1760572800,0.17902,0.18551,0.16871,0.17082,0
1760659200,0.17083,0.17378,0.15524,0.1626,0
1760745600,0.1626,0.16775,0.1623,0.16597,0
1760832000,0.16596,0.17366,0.16245,0.17051,0
1760918400,0.17051,0.18104,0.16691,0.1755,0
1761004800,0.17551,0.182,0.1687,0.1705,0
1761091200,0.17047,0.1724,0.16151,0.1661,0
1761177600,0.16608,0.17019,0.16283,0.16515,0
1761264000,0.16516,0.17279,0.16426,0.17084,0
1761350400,0.17084,0.17336,0.16861,0.17259,0
1761436800,0.17259,0.18212,0.17095,0.17997,0
1761523200,0.17998,0.18493,0.17637,0.18484,0
1761609600,0.1848,0.21998,0.18397,0.19451,0
1761696000,0.19452,0.20679,0.19243,0.2011,0
1761782400,0.2011,0.21098,0.18933,0.19653,0
1761868800,0.19657,0.20402,0.19011,0.20092,0
1761955200,0.20094,0.20469,0.19558,0.19622,0
1762041600,0.19626,0.19799,0.19041,0.19448,0
1762128000,0.19446,0.19547,0.16681,0.17522,0
1762214400,0.17522,0.17918,0.15874,0.16856,0
1762300800,0.16856,0.17679,0.16033,0.17519,0
1762387200,0.17517,0.1754,0.16085,0.16312,0
1762473600,0.1631,0.18109,0.15938,0.17696,0
1762560000,0.17696,0.18015,0.17153,0.17559,0
1762646400,0.1756,0.17865,0.1684,0.17656,0
1762732800,0.17657,0.1988,0.17541,0.19386,0
1762819200,0.19386,0.19685,0.1771,0.17753,0
1762905600,0.17752,0.1864,0.17285,0.174,0
1762992000,0.17397,0.18097,0.16136,0.1647,0
1763078400,0.16472,0.16528,0.1507,0.15283,0
1763164800,0.15285,0.15857,0.15273,0.15474,0
1763251200,0.15476,0.15573,0.14496,0.14655,0
1763337600,0.14654,0.15414,0.14178,0.14568,0
1763424000,0.14566,0.15237,0.1425,0.1506,0
1763510400,0.15058,0.15189,0.13793,0.14473,0
1763596800,0.14474,0.14791,0.1342,0.13637,0
1763683200,0.13636,0.13827,0.12232,0.1307,0
1763769600,0.13071,0.1333,0.12634,0.13168,0
1763856000,0.13166,0.15561,0.13135,0.14788,0
1763942400,0.1479,0.1521,0.14058,0.14845,0
1764028800,0.14845,0.14919,0.1398,0.1449,0
1764115200,0.14491,0.15053,0.14146,0.14787,0
1764201600,0.14782,0.14946,0.14418,0.14703,0
1764288000,0.147,0.15077,0.14403,0.14539,0
1764374400,0.14539,0.14628,0.14209,0.14323,0
1764460800,0.1432,0.1465,0.14099,0.14133,0
1764547200,0.14133,0.14173,0.12997,0.13323,0
1764633600,0.13323,0.14665,0.13093,0.1447,0
1764720000,0.14471,0.1502,0.14245,0.14607,0
1764806400,0.14607,0.14658,0.13752,0.13939,0
1764892800,0.13939,0.14011,0.13271,0.13395,0
1764979200,0.13395,0.13456,0.13256,0.13403,0
1765065600,0.13402,0.13607,0.12756,0.13099,0
1765152000,0.13107,0.13733,0.13054,0.13449,0
1765238400,0.13449,0.14321,0.13237,0.13898,0
1765324800,0.13896,0.142,0.13464,0.13469,0
1765411200,0.13471,0.13497,0.12834,0.12992,0
1765497600,0.12993,0.13162,0.12324,0.12397,0
1765584000,0.12398,0.12638,0.12125,0.12302,0
1765670400,0.12301,0.12451,0.1175,0.11821,0
1765756800,0.11823,0.12179,0.11131,0.11416,0
1765843200,0.11416,0.11692,0.11176,0.1146,0
1765929600,0.11458,0.11741,0.10838,0.10992,0
1766016000,0.10993,0.11423,0.1039,0.10483,0
1766102400,0.10486,0.11362,0.10288,0.1119,0
1766188800,0.1119,0.11468,0.1107,0.11374,0
1766275200,0.11372,0.11392,0.10929,0.11193,0
1766361600,0.11195,0.11686,0.11058,0.11407,0
1766448000,0.11405,0.11477,0.10903,0.1104,0
1766534400,0.11041,0.11114,0.10809,0.10923,0
1766620800,0.10923,0.11295,0.10836,0.10884,0
1766707200,0.10882,0.11714,0.10834,0.11157,0
1766793600,0.1116,0.11558,0.111,0.11516,0
1766880000,0.11516,0.11662,0.11348,0.11538,0
1766966400,0.11539,0.11891,0.11249,0.11274,0
1767052800,0.11271,0.1133,0.11016,0.11157,0
1767139200,0.11156,0.11185,0.10562,0.10617,0
1767225600,0.10621,0.11429,0.10619,0.11419,0
1767312000,0.1142,0.1223,0.11295,0.1216,0
1767398400,0.12158,0.12228,0.11713,0.12073,0
1767484800,0.12076,0.12887,0.12019,0.12536,0
1767571200,0.12532,0.13256,0.12356,0.13169,0
1767657600,0.13169,0.13501,0.12414,0.12892,0
1767744000,0.12893,0.12952,0.12214,0.12358,0
1767830400,0.12359,0.12417,0.11777,0.12042,0
1767916800,0.12044,0.12343,0.118,0.12018,0
1768003200,0.12021,0.12094,0.11707,0.11762,0
1768089600,0.11764,0.11902,0.11559,0.11716,0
1768176000,0.11715,0.1202,0.11339,0.11488,0
1768262400,0.1149,0.12403,0.1145,0.12222,0
1768348800,0.12226,0.12894,0.12181,0.12343,0
1768435200,0.12341,0.12354,0.1161,0.11779,0
1768521600,0.11779,0.12018,0.11443,0.11859,0
1768608000,0.11858,0.12081,0.11766,0.11884,0
1768694400,0.11885,0.11935,0.11161,0.11172,0
1768780800,0.11169,0.11248,0.10311,0.11079,0
1768867200,0.1108,0.11126,0.10397,0.10557,0
1768953600,0.10557,0.11148,0.10533,0.10925,0
1769040000,0.10933,0.11119,0.10678,0.1081,0
1769126400,0.10812,0.11249,0.1075,0.10936,0
1769212800,0.10935,0.1098,0.10733,0.10829,0
1769299200,0.1083,0.10856,0.10093,0.10313,0
1769385600,0.10318,0.10789,0.10301,0.10654,0
1769472000,0.1065,0.10849,0.10451,0.10806,0
1769558400,0.10805,0.10893,0.10603,0.10702,0
1769644800,0.10702,0.10721,0.09852,0.10097,0
1769731200,0.10097,0.10148,0.0965,0.09855,0
1769817600,0.09856,0.09859,0.08385,0.09286,0
1769904000,0.09285,0.09341,0.0869,0.08845,0
1769990400,0.08844,0.09586,0.08603,0.09318,0
1770076800,0.09315,0.09433,0.08734,0.09058,0
1770163200,0.09057,0.09347,0.08815,0.08925,0
1770249600,0.08926,0.08999,0.07573,0.07803,0
1770336000,0.07799,0.09822,0.07208,0.09124,0
1770422400,0.09123,0.09166,0.08671,0.08995,0
1770508800,0.08998,0.09615,0.08877,0.09122,0
1770595200,0.09118,0.0939,0.08774,0.09213,0
1770681600,0.09212,0.09324,0.08938,0.09072,0
1770768000,0.0907,0.09153,0.08712,0.08903,0
1770854400,0.08905,0.09661,0.08905,0.09311,0
1770940800,0.09308,0.09894,0.09143,0.09878,0
1771027200,0.0988,0.10768,0.09876,0.10384,0
1771113600,0.10385,0.1065,0.09794,0.10028,0
1771200000,0.10028,0.1027,0.09858,0.10164,0
1771286400,0.10163,0.10347,0.09924,0.10203,0
1771372800,0.10204,0.10265,0.09874,0.09907,0
1771459200,0.09908,0.09967,0.09581,0.09754,0
1771545600,0.09751,0.10146,0.09693,0.09965,0
1771632000,0.09967,0.1015,0.09875,0.09965,0
1771718400,0.09967,0.0998,0.09654,0.09819,0
1771804800,0.09819,0.0984,0.09324,0.09501,0
1771891200,0.09501,0.09643,0.09269,0.09503,0
1771977600,0.09503,0.10695,0.09488,0.10183,0
1772064000,0.10183,0.104,0.09925,0.10265,0
1772150400,0.10264,0.1052,0.09845,0.1004,0
1772236800,0.1004,0.102,0.09435,0.1002,0
1772323200,0.10018,0.10491,0.09573,0.09696,0
1772409600,0.09698,0.10293,0.09638,0.09804,0
1772496000,0.09804,0.09829,0.09429,0.09697,0
1772582400,0.09695,0.10415,0.0967,0.10116,0
1772668800,0.10117,0.1017,0.09816,0.09965,0
1772755200,0.09963,0.10092,0.09623,0.09758,0
1772841600,0.0976,0.09807,0.0951,0.09582,0
1772928000,0.09584,0.0967,0.09298,0.09392,0
1773014400,0.09393,0.09663,0.09376,0.09436,0
1773100800,0.09435,0.09896,0.09423,0.09519,0
1773187200,0.09521,0.09625,0.09332,0.09425,0
1773273600,0.09426,0.09545,0.09312,0.09484,0
1773360000,0.09483,0.0999,0.09458,0.09514,0
1773446400,0.09513,0.09534,0.09139,0.0936,0
1773532800,0.0936,0.09717,0.09297,0.09642,0
1773619200,0.09644,0.101,0.0955,0.10029,0
1773705600,0.10028,0.10163,0.09781,0.09876,0
1773792000,0.09875,0.10086,0.09451,0.09577,0
1773878400,0.09575,0.09652,0.09141,0.0929,0
1773964800,0.09291,0.09476,0.09222,0.09318,0
1774051200,0.09319,0.09375,0.09119,0.09155,0
1774137600,0.09152,0.09228,0.08804,0.08921,0
1774224000,0.08921,0.09541,0.08875,0.09318,0
1774310400,0.09321,0.0945,0.09164,0.09428,0
1774396800,0.09429,0.09587,0.09384,0.09471,0
1774483200,0.09472,0.09473,0.09042,0.09107,0
1774569600,0.09107,0.09169,0.0885,0.08908,0
1774656000,0.08909,0.09185,0.08833,0.08978,0
1774742400,0.08978,0.09035,0.08606,0.088,0
1774828800,0.08801,0.0909,0.08681,0.08721,0
1774915200,0.08722,0.08833,0.08355,0.08752,0
1775001600,0.08753,0.09114,0.08739,0.08845,0
1775088000,0.08845,0.08956,0.08486,0.088,0
1775174400,0.08801,0.09035,0.08724,0.08772,0
1775260800,0.0877,0.08787,0.0867,0.08748,0
1775347200,0.0875,0.08813,0.08605,0.08802,0
1775433600,0.08803,0.09013,0.08698,0.08742,0
1775520000,0.08741,0.09307,0.08586,0.09183,0
1775606400,0.09186,0.09485,0.0885,0.08901,0
1775692800,0.08901,0.0917,0.08766,0.08935,0
1775779200,0.08935,0.09055,0.08777,0.08958,0
1775865600,0.0896,0.08989,0.08794,0.08837,0
1775952000,0.08837,0.08865,0.08509,0.08519,0
1776038400,0.08518,0.08821,0.08443,0.08783,0
1776124800,0.08783,0.08789,0.08453,0.08513,0
1776211200,0.08513,0.08749,0.08486,0.08713,0
1776297600,0.08714,0.09285,0.08638,0.09074,0
1776384000,0.09078,0.09357,0.08858,0.09078,0
1776470400,0.09075,0.09116,0.08795,0.08882,0
1776556800,0.08881,0.08966,0.08701,0.08733,0
1776643200,0.08725,0.09059,0.0872,0.08976,0
1776729600,0.08978,0.0914,0.08879,0.09046,0
1776816000,0.09042,0.09347,0.08986,0.09087,0
1776902400,0.09088,0.09145,0.08975,0.09082,0
1776988800,0.09085,0.09226,0.09008,0.091,0
1777075200,0.09102,0.09219,0.09019,0.09126,0
1777161600,0.09125,0.09326,0.09056,0.09227,0
1777248000,0.09232,0.09318,0.08901,0.08966,0
1777334400,0.08963,0.08969,0.08817,0.08891,0
1777420800,0.0889,0.09103,0.087,0.0887,0
1777507200,0.08871,0.08927,0.08725,0.08739,0
1777593600,0.08739,0.08865,0.08734,0.0882,0
1777680000,0.08821,0.08913,0.08759,0.08857,0
1777766400,0.08859,0.0887,0.08745,0.0877,0
1777852800,0.08771,0.08961,0.08721,0.08778,0
1777939200,0.08779,0.09111,0.08769,0.09029,0
1778025600,0.09028,0.09319,0.09019,0.09142,0
1778112000,0.09144,0.09173,0.0893,0.09019,0
1778198400,0.09015,0.09416,0.08982,0.09268,0
1778284800,0.09272,0.09514,0.0916,0.09287,0
1778371200,0.09287,0.09962,0.0922,0.09753,0
1778457600,0.09753,0.09776,0.09497,0.09691,0
1778544000,0.0969,0.09728,0.09258,0.09385,0
1778630400,0.09383,0.09558,0.09152,0.09338,0
1778716800,0.09336,0.09852,0.09243,0.09498,0
1778803200,0.09498,0.09576,0.09123,0.09283,0
1778889600,0.09282,0.09309,0.09,0.09122,0
1778976000,0.09126,0.09204,0.08827,0.09007,0
1779062400,0.09005,0.09027,0.08805,0.09015,0
1779148800,0.09013,0.09096,0.0879,0.08848,0
1779235200,0.08847,0.08962,0.08798,0.08875,0
1779321600,0.08874,0.0907,0.08779,0.0899,0
1779408000,0.0899,0.09091,0.08753,0.08783,0
1779494400,0.08781,0.09092,0.0853,0.08959,0
1779580800,0.08964,0.08992,0.08711,0.08832,0
1779667200,0.08834,0.0898,0.08785,0.08805,0
1779753600,0.08807,0.0892,0.08618,0.08645,0
1779840000,0.08646,0.08684,0.085,0.08554,0
1779926400,0.08552,0.09254,0.08168,0.09089,0
1780012800,0.0909,0.09969,0.08827,0.09908,0
1780099200,0.0991,0.10972,0.0944,0.09499,0
1780185600,0.09502,0.09932,0.09359,0.09658,0
1780272000,0.09659,0.09779,0.09143,0.09223,0
1780358400,0.09223,0.0927,0.08577,0.0868,0
1780444800,0.0868,0.08905,0.08458,0.08512,0
1780531200,0.08513,0.08764,0.0815,0.08372,0
1780617600,0.0837,0.08387,0.07738,0.08035,0
1780704000,0.08035,0.08128,0.07657,0.07967,0
1780790400,0.07968,0.08286,0.07938,0.08194,0
1780876800,0.08191,0.08324,0.08076,0.0813,0
1780963200,0.08127,0.08162,0.07856,0.07947,0
1781049600,0.07948,0.07971,0.07686,0.07762,0
